# SPI flash JEDEC IDs. Derived from UEFITool (c) 2015 Nikolaj Schlej, BSD-2-Clause.
EF3010,Winbond W25X05
EF3011,Winbond W25X10
EF3012,Winbond W25X20
EF3013,Winbond W25X40
EF3014,Winbond W25X80
EF3015,Winbond W25X16
EF3016,Winbond W25X32
EF3017,Winbond W25X64
EF4012,Winbond W25Q20
EF4013,Winbond W25Q40
EF4014,Winbond W25Q80
EF4015,Winbond W25Q16
EF4016,Winbond W25Q32
EF4017,Winbond W25Q64
EF4018,Winbond W25Q128
EF4019,Winbond W25Q256
EF4020,Winbond W25Q512
EF6011,Winbond W25Q10
EF6012,Winbond W25Q20
EF6013,Winbond W25Q40
EF6014,Winbond W25Q80
EF6015,Winbond W25Q16
EF6016,Winbond W25Q32
EF6017,Winbond W25Q64
EF6018,Winbond W25Q128
EF6019,Winbond W25Q256
EF7118,Winbond W25M256
EF7119,Winbond W25M512
C22013,Macronix MX25L40
C22014,Macronix MX25L80
C22015,Macronix MX25L16
C22016,Macronix MX25U16
C22017,Macronix MX25L64
C22018,Macronix MX25L128
C22019,Macronix MX25L256
C2201A,Macronix MX66L512
C22415,Macronix MX25L16
C22515,Macronix MX25L16
C22534,Macronix MX25U80
C22535,Macronix MX25U16
C22536,Macronix MX25U32
C22537,Macronix MX25U64
C22538,Macronix MX25U128
C22539,Macronix MX25U256
C2253A,Macronix MX25U512
C22617,Macronix MX25L64
C22618,Macronix MX25L128
C25E16,Macronix MX25L32
C27518,Macronix MX77L12850F
C27519,Macronix MX77L25650F
C2751A,Macronix MX77L51250F
C29517,Macronix MX25L64
202014,Micron M25P80
202015,Micron M25P16
202016,Micron M25P32
202017,Micron M25P64
202018,Micron M25P128
204011,Micron M45PE10
204012,Micron M45PE20
204013,Micron M45PE40
204014,Micron M45PE80
204015,Micron M45PE16
204017,Micron XM25QH64C
204018,Micron XM25QH128C
204019,Micron XM25QH256C
204318,Micron XM25RH128C
204319,Micron XM25RH256C
204320,Micron XM25RH512C
207114,Micron M25PX80
207115,Micron M25PX16
207116,Micron M25PX32
207117,Micron M25PX64
208011,Micron M25PE10
208012,Micron M25PE20
208013,Micron M25PE40
208014,Micron M25PE80
208015,Micron M25PE16
20BA15,Micron N25Q016
20BA16,Micron N25Q032
20BA17,Micron N25Q064
20BA18,Micron N25Q128
20BA19,Micron N25Q256
20BA20,Micron N25Q512
20BA21,Micron N25Q00A
20BB15,Micron N25Q016
20BB16,Micron N25Q032
20BB17,Micron N25Q064
20BB18,Micron MT25Q128
20BB19,Micron MT25Q256
20BB20,Micron MT25Q512
898911,Intel 25F160S33B8
898912,Intel 25F320S33B8
898913,Intel 25F640S33B8
898915,Intel 25F160S33T8
898916,Intel 25F320S33T8
898917,Intel 25F640S33T8
1F3217,Atmel AT25SF641
1F4216,Atmel AT25SL321
1F4218,Atmel AT25SL128A
1F4317,Atmel AT25SL641
1F4500,Atmel AT26DF081
1F4501,Atmel AT26DF081A
1F4502,Atmel AT25DF081
1F4600,Atmel AT26DF161
1F4601,Atmel AT26DF161A
1F4602,Atmel AT25DF161
1F4700,Atmel AT25DF321
1F4701,Atmel AT25DF321A
1F4800,Atmel AT25DF641
1F7018,Atmel AT25QF128
1F8600,Atmel AT25DQ161
1F8800,Atmel AT25DQ641
BF2541,Microchip SST25VF016B
BF254A,Microchip SST25VF032B
BF258D,Microchip SST25VF040B
BF258E,Microchip SST25VF080B
BF254B,Microchip SST25VF064C
1C3013,EON EN25Q40
1C3014,EON EN25Q80
1C3015,EON EN25Q16
1C3016,EON EN25Q32
1C3017,EON EN25Q64
1C3018,EON EN25Q128
1C3114,EON EN25F80
1C3115,EON EN25F16
1C3116,EON EN25F32
1C3117,EON EN25F64
1C3811,EON EN25S10
1C3812,EON EN25S20
1C3813,EON EN25S40
1C3814,EON EN25S80
1C3815,EON EN25S16
1C3816,EON EN25S32
1C3817,EON EN25S64
1C7014,EON EN25QH80
1C7015,EON EN25QH16
1C7016,EON EN25QH32
1C7017,EON EN25QH64
1C7018,EON EN25QH128
1C7019,EON EN25QH256
C84014,GigaDevice GD25x80
C84015,GigaDevice GD25x16
C84016,GigaDevice GD25x32
C84017,GigaDevice GD25x64
C84018,GigaDevice GD25x128
C84019,GigaDevice GD25x256
C8401A,GigaDevice GD25x512
C8471A,GigaDevice GD25B512ME
C86015,GigaDevice GD25LQ16V
C86017,GigaDevice GD25Lx64
C86018,GigaDevice GD25Lx128
C86019,GigaDevice GD25LQ256C
F83215,Fidelix FM25Q16
F83216,Fidelix FM25Q32
F83217,Fidelix FM25Q64
F83218,Fidelix FM25Q128
014015,Spansion S25FL116K
014016,Spansion S25FL132K
014017,Spansion S25FL164K
373015,AMIC A25L016
373016,AMIC A25L032
374015,AMIC A25LQ16
374016,AMIC A25LQ32A
374017,AMIC A25LQ64
9DF713,PMC Pm25LV080B
9DF714,PMC Pm25LV016B
9DF744,PMC Pm25LQ080C
9DF745,PMC Pm25LQ016C
9DF746,PMC Pm25LQ032C
9DF77B,PMC Pm25LV512A
9DF77C,PMC Pm25LV010A
9DF77D,PMC Pm25LV020
9DF77E,PMC Pm25LV040
9D6014,ISSI Ix25LP080
9D6015,ISSI Ix25LP016
9D6016,ISSI Ix25LP032
9D6017,ISSI Ix25LP064
9D6018,ISSI Ix25LP128
9D6019,ISSI Ix25LP256
9D7014,ISSI Ix25WP080
9D7015,ISSI Ix25WP016
9D7016,ISSI Ix25WP032
9D7017,ISSI Ix25WP064
9D7018,ISSI Ix25WP128
9D7019,ISSI Ix25WP256
